,Finish,Post,Horse,Track,Year,Odds
0,1,11,Real Quiet,_Preakness_Stakes,1998,2.5
1,2,10,Victory Gallop,_Preakness_Stakes,1998,2.0
2,3,3,Classic Cat,_Preakness_Stakes,1998,12.3
3,4,7,Hot Wells,_Preakness_Stakes,1998,25.2
4,5,2,Black Cash,_Preakness_Stakes,1998,7.1
5,6,1,Spartan Cat,_Preakness_Stakes,1998,98.8
6,7,6,Baquero,_Preakness_Stakes,1998,14.6
7,8,5,Basic Trainee,_Preakness_Stakes,1998,63.8
8,9,4,Cape Town,_Preakness_Stakes,1998,2.9
9,10,8,Silver's Prospect,_Preakness_Stakes,1998,98.0
10,11,0,Coronado's Quest,_Preakness_Stakes,1998,0.0
11,1,6,Charismatic,_Preakness_Stakes,1999,8.4
12,2,5,Menifee,_Preakness_Stakes,1999,2.0
13,3,4,Badge,_Preakness_Stakes,1999,58.0
14,4,11,Stephen Got Even,_Preakness_Stakes,1999,11.0
15,5,8,Patience Game,_Preakness_Stakes,1999,15.6
16,6,6,Adonis,_Preakness_Stakes,1999,19.8
17,7,3,Cat Thief,_Preakness_Stakes,1999,5.2
18,8,2,Kimberlite Pipe,_Preakness_Stakes,1999,17.4
19,9,12,Valhol,_Preakness_Stakes,1999,61.7
20,10,13,Vicar,_Preakness_Stakes,1999,24.0
21,11,1,Torrid Sand,_Preakness_Stakes,1999,102.8
22,12,10,Worldly Manner,_Preakness_Stakes,1999,5.3
23,13,7,Excellent Meeting,_Preakness_Stakes,1999,6.6
24,14,0,Silverbulletday,_Preakness_Stakes,1999,0.0
25,1,4,Red Bullet,_Preakness_Stakes,2000,6.2
26,2,7,Fusaichi Pegasus,_Preakness_Stakes,2000,0.3
27,3,3,Impeachment,_Preakness_Stakes,2000,19.1
28,4,6,Captain Steve,_Preakness_Stakes,2000,11.5
29,5,2,Snuck In,_Preakness_Stakes,2000,19.6
30,6,1,Hugh Hefner,_Preakness_Stakes,2000,49.7
31,7,5,High Yield,_Preakness_Stakes,2000,7.3
32,8,8,Hal's Hope,_Preakness_Stakes,2000,35.1
33,1,11,Point Given,_Preakness_Stakes,2001,2.3
34,2,4,A P Valentine,_Preakness_Stakes,2001,10.2
35,3,5,Congaree,_Preakness_Stakes,2001,2.8
36,4,10,Dollar Bill,_Preakness_Stakes,2001,8.3
37,5,3,Griffinite,_Preakness_Stakes,2001,59.1
38,6,7,Monarchos,_Preakness_Stakes,2001,2.3
39,7,1,Marciano,_Preakness_Stakes,2001,46.3
40,8,9,Bay Eagle,_Preakness_Stakes,2001,88.3
41,9,8,Percy Hope,_Preakness_Stakes,2001,52.6
42,10,6,Richly Blended,_Preakness_Stakes,2001,17.9
43,11,2,Mr. John,_Preakness_Stakes,2001,20.2
44,1,8,War Emblem,_Preakness_Stakes,2002,2.8
45,2,2,Magic Weisner,_Preakness_Stakes,2002,45.7
46,3,12,Proud Citizen,_Preakness_Stakes,2002,7.4
47,4,6,Harlan's Holiday,_Preakness_Stakes,2002,5.2
48,5,7,Easyfromthegitgo,_Preakness_Stakes,2002,23.4
49,6,1,U S S Tinosa,_Preakness_Stakes,2002,10.2
50,7,4,Crimson Hero,_Preakness_Stakes,2002,14.8
51,8,5,Medaglia d'Oro,_Preakness_Stakes,2002,3.0
52,9,3,Straight Gin,_Preakness_Stakes,2002,28.0
53,10,1,Menacing Dennis,_Preakness_Stakes,2002,51.2
54,11,9,Table Limit,_Preakness_Stakes,2002,23.1
55,12,10,Booklet,_Preakness_Stakes,2002,9.9
56,13,11,Equality,_Preakness_Stakes,2002,27.5
57,1,9,Funny Cide,_Preakness_Stakes,2003,1.9
58,2,6,Midway Road,_Preakness_Stakes,2003,20.0
59,3,2,Scrimshaw,_Preakness_Stakes,2003,4.9
60,4,7,Peace Rules,_Preakness_Stakes,2003,2.4
61,5,10,Senor Swinger,_Preakness_Stakes,2003,4.9
62,6,8,New York Hero,_Preakness_Stakes,2003,19.6
63,7,3,Foufa's Warrior,_Preakness_Stakes,2003,22.4
64,8,1,Cherokee's Boy,_Preakness_Stakes,2003,9.7
65,9,5,Ten Cents A Shine,_Preakness_Stakes,2003,8.5
66,10,4,Kissin Saint,_Preakness_Stakes,2003,10.2
67,1,7,Smarty Jones,_Preakness_Stakes,2004,0.7
68,2,10,Rock Hard Ten,_Preakness_Stakes,2004,6.9
69,3,9,Eddington,_Preakness_Stakes,2004,13.2
70,4,1,Lion Heart,_Preakness_Stakes,2004,4.9
71,5,8,Imperialism,_Preakness_Stakes,2004,6.6
72,6,6,Sir Shackleton,_Preakness_Stakes,2004,37.5
73,7,2,Borrego,_Preakness_Stakes,2004,12.8
74,8,3,Little Matth Man,_Preakness_Stakes,2004,45.0
75,9,5,Song of the Sword,_Preakness_Stakes,2004,51.0
76,10,11,Water Cannon,_Preakness_Stakes,2004,39.5
77,1,12,Afleet Alex,_Preakness_Stakes,2005,3.3
78,2,5,Scrappy T,_Preakness_Stakes,2005,13.3
79,3,13,Giacomo,_Preakness_Stakes,2005,6.0
80,4,10,Sun King,_Preakness_Stakes,2005,21.1
81,5,11,High Limit,_Preakness_Stakes,2005,18.7
82,6,3,Noble Causeway,_Preakness_Stakes,2005,11.3
83,7,4,Greeley's Galaxy,_Preakness_Stakes,2005,9.4
84,8,1,Malibu Moonshine,_Preakness_Stakes,2005,24.0
85,9,7,Closing Argument,_Preakness_Stakes,2005,7.2
86,10,2,High Fly,_Preakness_Stakes,2005,5.1
87,11,6,Hal's Image,_Preakness_Stakes,2005,23.5
88,12,9,Wilko,_Preakness_Stakes,2005,13.3
89,13,5,Galloping Grocer,_Preakness_Stakes,2005,27.0
90,14,14,Going Wild,_Preakness_Stakes,2005,26.5
91,1,8,Bernardini,_Preakness_Stakes,2006,12.9
92,2,7,Sweetnorthernsaint,_Preakness_Stakes,2006,8.4
93,3,3,Hemingway's Key,_Preakness_Stakes,2006,29.4
94,4,5,Brother Derek,_Preakness_Stakes,2006,3.2
95,5,4,Greeley's Galaxy,_Preakness_Stakes,2006,34.9
96,6,2,Platinum Couple,_Preakness_Stakes,2006,33.2
97,7,1,Like Now,_Preakness_Stakes,2006,17.4
98,8,9,Diabolical,_Preakness_Stakes,2006,26.0
99,9,6,Barbaro,_Preakness_Stakes,2006,0.5
100,1,4,Curlin,_Preakness_Stakes,2007,3.4
101,2,8,Street Sense,_Preakness_Stakes,2007,1.3
102,3,7,Hard Spun,_Preakness_Stakes,2007,4.1
103,4,9,C P West,_Preakness_Stakes,2007,24.9
104,5,3,Circular Quay,_Preakness_Stakes,2007,6.0
105,6,5,King of the Roxy,_Preakness_Stakes,2007,14.2
106,7,1,Mint Slewlep,_Preakness_Stakes,2007,40.1
107,8,2,Xchanger,_Preakness_Stakes,2007,23.0
108,9,6,Flying First Class,_Preakness_Stakes,2007,16.6
109,1,7,Big Brown,_Preakness_Stakes,2008,0.2
110,2,1,Macho Again,_Preakness_Stakes,2008,40.0
111,3,3,Icabad Crane,_Preakness_Stakes,2008,22.0
112,4,6,Racecar Rhapsody,_Preakness_Stakes,2008,25.0
113,5,9,Stevil,_Preakness_Stakes,2008,41.0
114,6,8,Kentucky Bear,_Preakness_Stakes,2008,14.0
115,7,13,Hey Byrn,_Preakness_Stakes,2008,34.0
116,8,11,Giant Moon,_Preakness_Stakes,2008,37.0
117,9,2,Tres Borrachos,_Preakness_Stakes,2008,43.0
118,10,4,Yankee Bravo,_Preakness_Stakes,2008,24.0
119,11,12,Gayego,_Preakness_Stakes,2008,9.0
120,12,10,Riley Tucker,_Preakness_Stakes,2008,36.0
121,0,5,Behindatthebar,_Preakness_Stakes,2008,0.0
122,1,13,Rachel Alexandra,_Preakness_Stakes,2009,1.6
123,2,2,Mine That Bird,_Preakness_Stakes,2009,6.0
124,3,3,Musket Man,_Preakness_Stakes,2009,8.0
125,4,10,Flying Private,_Preakness_Stakes,2009,50.0
126,5,1,Big Drama,_Preakness_Stakes,2009,10.0
127,6,7,Papa Clem,_Preakness_Stakes,2009,12.0
128,7,6,Terrain,_Preakness_Stakes,2009,30.0
129,8,4,Luv Gov,_Preakness_Stakes,2009,50.0
130,9,8,General Quarters,_Preakness_Stakes,2009,20.0
131,10,5,Friesan Fire,_Preakness_Stakes,2009,6.0
132,11,9,Pioneerof the Nile,_Preakness_Stakes,2009,5.0
133,12,12,Tone It Down,_Preakness_Stakes,2009,50.0
134,13,11,Take the Points,_Preakness_Stakes,2009,30.0
135,1,7,Lookin At Lucky,_Preakness_Stakes,2010,3.0
136,2,11,First Dude,_Preakness_Stakes,2010,20.0
137,3,6,Jackson Bend,_Preakness_Stakes,2010,12.0
138,4,5,Yawanna Twist,_Preakness_Stakes,2010,30.0
139,5,12,Dublin,_Preakness_Stakes,2010,10.0
140,6,10,Paddy O'Prado,_Preakness_Stakes,2010,4.5
141,7,9,Caracortado,_Preakness_Stakes,2010,10.0
142,8,8,Super Saver,_Preakness_Stakes,2010,2.5
143,9,2,Schoolyard Dreams,_Preakness_Stakes,2010,15.0
144,10,1,Aikenite,_Preakness_Stakes,2010,20.0
145,11,3,Pleasant Prince,_Preakness_Stakes,2010,20.0
146,12,4,Northern Giant,_Preakness_Stakes,2010,30.0
147,1,5,Shackleford,_Preakness_Stakes,2011,12.0
148,2,11,Animal Kingdom,_Preakness_Stakes,2011,2.0
149,3,1,Astrology,_Preakness_Stakes,2011,15.0
150,4,10,Dialed In,_Preakness_Stakes,2011,4.5
151,5,8,Dance City,_Preakness_Stakes,2011,12.0
152,6,9,Mucho Macho Man,_Preakness_Stakes,2011,6.0
153,7,3,King Congie,_Preakness_Stakes,2011,20.0
154,8,14,Mr. Commons,_Preakness_Stakes,2011,20.0
155,9,12,Isn't He Perfect,_Preakness_Stakes,2011,30.0
156,10,13,Concealed Identity,_Preakness_Stakes,2011,30.0
157,11,2,Norman Asbjornson,_Preakness_Stakes,2011,30.0
158,12,6,Sway Away,_Preakness_Stakes,2011,15.0
159,13,7,Midnight Interlude,_Preakness_Stakes,2011,15.0
160,14,4,Flashpoint,_Preakness_Stakes,2011,20.0
161,1,9,I'll Have Another,_Preakness_Stakes,2012,2.5
162,2,7,Bodemeister,_Preakness_Stakes,2012,1.6
163,3,6,Creative Cause,_Preakness_Stakes,2012,6.0
164,0,4,Zetterholm,_Preakness_Stakes,2012,20.0
165,5,2,Teeth of the Dog,_Preakness_Stakes,2012,15.0
166,6,10,Optimizer,_Preakness_Stakes,2012,30.0
167,7,11,Cozzetti,_Preakness_Stakes,2012,30.0
168,8,1,Tiger Walk,_Preakness_Stakes,2012,30.0
169,9,8,Daddy Nose Best,_Preakness_Stakes,2012,12.0
170,10,5,Went the Day Well,_Preakness_Stakes,2012,6.0
171,11,3,Pretension,_Preakness_Stakes,2012,30.0
172,1,6,Oxbow,_Preakness_Stakes,2013,15.0
173,2,9,Itsmyluckyday,_Preakness_Stakes,2013,10.0
174,3,5,Mylute,_Preakness_Stakes,2013,5.0
175,4,1,Orb,_Preakness_Stakes,2013,1.0
176,5,2,Goldencents,_Preakness_Stakes,2013,8.0
177,6,4,Departing,_Preakness_Stakes,2013,6.0
178,7,7,Will Take Charge,_Preakness_Stakes,2013,12.0
179,8,8,Govenor Charlie,_Preakness_Stakes,2013,12.0
180,9,3,Titletown Five,_Preakness_Stakes,2013,30.0
181,1,3,California Chrome,_Preakness_Stakes,2014,0.6
182,2,10,Ride on Curlin,_Preakness_Stakes,2014,10.0
183,3,8,Social Inclusion,_Preakness_Stakes,2014,5.0
184,4,2,General a Rod,_Preakness_Stakes,2014,15.0
185,5,4,Ring Weekend,_Preakness_Stakes,2014,20.0
186,6,9,Pablo Del Monte,_Preakness_Stakes,2014,20.0
187,7,1,Dynamic Impact,_Preakness_Stakes,2014,12.0
188,8,7,Kid Cruz,_Preakness_Stakes,2014,20.0
189,9,5,Bayern,_Preakness_Stakes,2014,10.0
190,10,6,Ria Antonia,_Preakness_Stakes,2014,30.0
191,1,1,American Pharoah,_Preakness_Stakes,2015,0.8
192,2,5,Tale of Verve,_Preakness_Stakes,2015,30.0
193,3,7,Divining Rod,_Preakness_Stakes,2015,12.0
194,4,2,Dortmund,_Preakness_Stakes,2015,3.5
195,5,3,Mr. Z,_Preakness_Stakes,2015,20.0
196,6,4,Danzig Moon,_Preakness_Stakes,2015,15.0
197,7,8,Firing Line,_Preakness_Stakes,2015,4.0
198,8,6,Bodhisattva,_Preakness_Stakes,2015,20.0
199,1,2,Real Quiet,_Kentucky_Derby,1998,8.4
200,2,12,Victory Gallop,_Kentucky_Derby,1998,14.6
201,3,7,Indian Charlie,_Kentucky_Derby,1998,2.7
202,4,3,Halory Hunter,_Kentucky_Derby,1998,6.6
203,5,10,Cape Town,_Kentucky_Derby,1998,4.6
204,6,9,Parade Ground,_Kentucky_Derby,1998,22.3
205,7,5,Hanuman Highway,_Kentucky_Derby,1998,22.5
206,8,6,Favorite Trick,_Kentucky_Derby,1998,4.4
207,9,1,Nationalore,_Kentucky_Derby,1998,109.6
208,10,13,Old Trieste,_Kentucky_Derby,1998,32.1
209,11,4,Chilito,_Kentucky_Derby,1998,34.8
210,12,15,Robinwould,_Kentucky_Derby,1998,69.8
211,13,11,Artax,_Kentucky_Derby,1998,11.5
212,14,8,Rock and Roll,_Kentucky_Derby,1998,50.6
213,15,14,Basic Trainee,_Kentucky_Derby,1998,69.8
214,1,11,Charismatic,_Kentucky_Derby,1999,31.3
215,2,13,Menifee,_Kentucky_Derby,1999,7.0
216,3,8,Cat Thief,_Kentucky_Derby,1999,7.4
217,4,9,Prime Timber,_Kentucky_Derby,1999,6.3
218,5,2,Excellent Meeting,_Kentucky_Derby,1999,4.8
219,6,17,Kimberlite Pipe,_Kentucky_Derby,1999,11.6
220,7,0,Worldly Manner,_Kentucky_Derby,1999,14.5
221,8,16,K One King,_Kentucky_Derby,1999,11.6
222,9,18,Lemon Drop Kid,_Kentucky_Derby,1999,11.6
223,10,7,Answer Lively,_Kentucky_Derby,1999,37.0
224,11,0,General Challenge,_Kentucky_Derby,1999,4.8
225,12,14,Ecton Park,_Kentucky_Derby,1999,11.6
226,13,6,Desert Hero,_Kentucky_Derby,1999,19.7
227,14,5,Stephen Got Even,_Kentucky_Derby,1999,5.1
228,15,15,Valhol,_Kentucky_Derby,1999,11.6
229,16,10,First American,_Kentucky_Derby,1999,34.9
230,17,3,Adonis,_Kentucky_Derby,1999,18.7
231,18,12,Vicar,_Kentucky_Derby,1999,8.2
232,19,4,Three Ring,_Kentucky_Derby,1999,25.6
233,1,12,Fusaichi Pegasus,_Kentucky_Derby,2000,2.3
234,2,5,Aptitude,_Kentucky_Derby,2000,11.8
235,3,0,Impeachment,_Kentucky_Derby,2000,6.2
236,4,9,More Than Ready,_Kentucky_Derby,2000,11.3
237,5,3,Wheelaway,_Kentucky_Derby,2000,20.8
238,6,11,China Visit,_Kentucky_Derby,2000,23.7
239,7,18,Curule,_Kentucky_Derby,2000,23.7
240,8,7,Captain Steve,_Kentucky_Derby,2000,8.1
241,9,8,War Chant,_Kentucky_Derby,2000,9.9
242,10,6,Deputy Warlock,_Kentucky_Derby,2000,20.8
243,11,5,Trippi,_Kentucky_Derby,2000,6.2
244,12,16,Exchange Rate,_Kentucky_Derby,2000,59.2
245,13,1,Anees,_Kentucky_Derby,2000,17.1
246,14,10,The Deputy,_Kentucky_Derby,2000,4.6
247,15,17,High Yield,_Kentucky_Derby,2000,6.2
248,16,4,Hal's Hope,_Kentucky_Derby,2000,22.7
249,17,12,Commendable,_Kentucky_Derby,2000,6.2
250,18,19,Ronton,_Kentucky_Derby,2000,20.8
251,19,13,Graeme Hall,_Kentucky_Derby,2000,46.3
252,1,16,Monarchos,_Kentucky_Derby,2001,10.5
253,2,13,Invisible Ink,_Kentucky_Derby,2001,55.0
254,3,8,Congaree,_Kentucky_Derby,2001,7.2
255,4,4,Thunder Blitz,_Kentucky_Derby,2001,25.4
256,5,17,Point Given,_Kentucky_Derby,2001,1.8
257,6,15,Jamaican Rum,_Kentucky_Derby,2001,20.2
258,7,9,A P Valentine,_Kentucky_Derby,2001,19.9
259,8,6,Express Tour,_Kentucky_Derby,2001,18.1
260,9,5,Fifty Stars,_Kentucky_Derby,2001,43.6
261,10,12,Startac,_Kentucky_Derby,2001,102.4
262,11,2,Millennium Wind,_Kentucky_Derby,2001,9.9
263,12,7,Artic Boy,_Kentucky_Derby,2001,101.2
264,13,1,Songandaprayer,_Kentucky_Derby,2001,35.9
265,14,3,Balto Star,_Kentucky_Derby,2001,8.3
266,15,10,Dollar Bill,_Kentucky_Derby,2001,6.6
267,16,14,Keats,_Kentucky_Derby,2001,95.0
268,17,11,Talk Is Money,_Kentucky_Derby,2001,47.1
269,1,5,War Emblem,_Kentucky_Derby,2002,20.5
270,2,13,Proud Citizen,_Kentucky_Derby,2002,23.3
271,3,3,Perfect Drift,_Kentucky_Derby,2002,7.9
272,4,9,Medaglia d'Oro,_Kentucky_Derby,2002,6.9
273,5,7,Request for Parole,_Kentucky_Derby,2002,29.8
274,6,8,Came Home,_Kentucky_Derby,2002,8.2
275,7,15,Harlan's Holiday,_Kentucky_Derby,2002,6.0
276,8,1,Johannesburg,_Kentucky_Derby,2002,8.1
277,9,8,Essence of Dubai,_Kentucky_Derby,2002,10.0
278,10,16,Saarland,_Kentucky_Derby,2002,6.9
279,11,20,Blue Burner,_Kentucky_Derby,2002,24.2
280,12,12,Castle Gandolfo,_Kentucky_Derby,2002,14.5
281,13,19,Easy Grades,_Kentucky_Derby,2002,43.8
282,14,11,Private Emblem,_Kentucky_Derby,2002,22.4
283,15,10,Lusty Latin,_Kentucky_Derby,2002,22.1
284,16,18,It'sallinthechase,_Kentucky_Derby,2002,94.5
285,17,6,Ocean Sound,_Kentucky_Derby,2002,48.7
286,18,2,Wild Horses,_Kentucky_Derby,2002,58.5
287,1,6,Funny Cide,_Kentucky_Derby,2003,12.8
288,2,12,Empire Maker,_Kentucky_Derby,2003,2.5
289,3,5,Peace Rules,_Kentucky_Derby,2003,6.3
290,4,4,Atswhatimtalknbout,_Kentucky_Derby,2003,8.9
291,5,13,Eye of the Tiger,_Kentucky_Derby,2003,41.5
292,6,8,Buddy Gil,_Kentucky_Derby,2003,7.2
293,7,15,Outta Here,_Kentucky_Derby,2003,39.7
294,8,14,Ten Cents a Shine,_Kentucky_Derby,2003,37.2
295,9,16,Ten Most Wanted,_Kentucky_Derby,2003,6.6
296,10,11,Domestic Dispute,_Kentucky_Derby,2003,4.0
297,11,17,Scrimshaw,_Kentucky_Derby,2003,16.5
298,12,7,Offlee Wild,_Kentucky_Derby,2003,29.9
299,13,1,Supah Blitz,_Kentucky_Derby,2003,43.1
300,14,9,Indian Express,_Kentucky_Derby,2003,10.8
301,15,10,Lone Star Sky,_Kentucky_Derby,2003,52.1
302,16,2,Brancusi,_Kentucky_Derby,2003,29.3
303,1,15,Smarty Jones,_Kentucky_Derby,2004,4.1
304,2,3,Lion Heart,_Kentucky_Derby,2004,5.4
305,3,10,Imperialism,_Kentucky_Derby,2004,10.9
306,4,1,Limehouse,_Kentucky_Derby,2004,41.7
307,5,11,The Cliff's Edge,_Kentucky_Derby,2004,8.2
308,6,4,Action This Day,_Kentucky_Derby,2004,43.4
309,7,14,Read the Footnotes,_Kentucky_Derby,2004,22.5
310,8,13,Birdstone,_Kentucky_Derby,2004,21.2
311,9,18,Tapit,_Kentucky_Derby,2004,6.4
312,10,12,Borrego,_Kentucky_Derby,2004,14.2
313,11,2,Song of the Sword,_Kentucky_Derby,2004,55.9
314,12,8,Master David,_Kentucky_Derby,2004,10.6
315,13,19,Pro Prado,_Kentucky_Derby,2004,53.5
316,14,16,Castledale,_Kentucky_Derby,2004,21.9
317,15,6,Friends Lake,_Kentucky_Derby,2004,18.5
318,16,7,Minister Eric,_Kentucky_Derby,2004,22.5
319,17,17,Pollard's Vision,_Kentucky_Derby,2004,24.0
320,18,20,Quintons Gold Rush,_Kentucky_Derby,2004,51.2
321,1,10,Giacomo,_Kentucky_Derby,2005,50.3
322,2,18,Closing Argument,_Kentucky_Derby,2005,71.6
323,3,12,Afleet Alex,_Kentucky_Derby,2005,4.5
324,4,17,Don't Get Mad,_Kentucky_Derby,2005,29.2
325,5,20,Buzzard's Bay,_Kentucky_Derby,2005,46.3
326,6,14,Wilko,_Kentucky_Derby,2005,21.7
327,7,16,Bellamy Road,_Kentucky_Derby,2005,2.6
328,8,2,Andromeda's Hero,_Kentucky_Derby,2005,57.3
329,9,7,Flower Alley,_Kentucky_Derby,2005,41.3
330,10,11,High Fly,_Kentucky_Derby,2005,7.1
331,11,9,Greeley's Galaxy,_Kentucky_Derby,2005,21.0
332,12,5,Coin Silver,_Kentucky_Derby,2005,38.6
333,13,8,Greater Good,_Kentucky_Derby,2005,58.4
334,14,4,Noble Causeway,_Kentucky_Derby,2005,12.3
335,15,3,Sun King,_Kentucky_Derby,2005,15.7
336,16,13,Spanish Chestnut,_Kentucky_Derby,2005,71.0
337,17,1,Sort It Out,_Kentucky_Derby,2005,61.9
338,18,19,Going Wild,_Kentucky_Derby,2005,59.5
339,19,15,Bandini,_Kentucky_Derby,2005,6.8
340,20,6,High Limit,_Kentucky_Derby,2005,22.5
341,1,8,Barbaro,_Kentucky_Derby,2006,6.1
342,2,13,Bluegrass Cat,_Kentucky_Derby,2006,30.0
343,3,2,Steppenwolfer,_Kentucky_Derby,2006,16.3
344,4,18,Brother Derek,_Kentucky_Derby,2006,24.2
345,4,1,Jazil,_Kentucky_Derby,2006,7.7
346,6,6,Showing Up,_Kentucky_Derby,2006,26.2
347,7,11,Sweetnorthernsaint,_Kentucky_Derby,2006,5.5
348,8,14,Deputy Glitters,_Kentucky_Derby,2006,60.6
349,9,5,Point Determined,_Kentucky_Derby,2006,9.4
350,10,15,Seaside Retreat,_Kentucky_Derby,2006,52.5
351,11,19,Storm Treasure,_Kentucky_Derby,2006,51.9
352,12,17,Lawyer Ron,_Kentucky_Derby,2006,10.2
353,13,16,Cause to Believe,_Kentucky_Derby,2006,25.9
354,14,20,Flashy Bull,_Kentucky_Derby,2006,43.0
355,15,12,Private Vow,_Kentucky_Derby,2006,40.5
356,16,4,Sinister Minister,_Kentucky_Derby,2006,9.7
357,17,7,Bob and John,_Kentucky_Derby,2006,12.9
358,18,10,A.P. Warrior,_Kentucky_Derby,2006,14.1
359,19,9,Sharp Humor,_Kentucky_Derby,2006,30.1
360,20,3,Keyed Entry,_Kentucky_Derby,2006,28.8
361,1,7,Street Sense,_Kentucky_Derby,2007,4.9
362,2,8,Hard Spun,_Kentucky_Derby,2007,10.0
363,3,2,Curlin,_Kentucky_Derby,2007,5.0
364,4,5,Imawildandcrazyguy,_Kentucky_Derby,2007,28.9
365,5,1,Sedgefield,_Kentucky_Derby,2007,58.6
366,6,16,Circular Quay,_Kentucky_Derby,2007,11.4
367,7,15,Tiago,_Kentucky_Derby,2007,14.8
368,8,18,Any Given Saturday,_Kentucky_Derby,2007,13.6
369,9,13,Sam P.,_Kentucky_Derby,2007,43.7
370,10,12,Nobiz Like Shobiz,_Kentucky_Derby,2007,10.4
371,11,19,Dominican,_Kentucky_Derby,2007,24.9
372,12,3,Zanjero,_Kentucky_Derby,2007,36.0
373,13,20,Great Hunter,_Kentucky_Derby,2007,25.3
374,14,9,Liquidity,_Kentucky_Derby,2007,40.0
375,15,11,Bwana Bull,_Kentucky_Derby,2007,50.3
376,16,4,Storm in May,_Kentucky_Derby,2007,27.2
377,17,10,Teuflesberg,_Kentucky_Derby,2007,51.9
378,18,14,Scat Daddy,_Kentucky_Derby,2007,7.2
379,19,17,Stormello,_Kentucky_Derby,2007,44.8
380,20,6,Cowtown Cat,_Kentucky_Derby,2007,19.8
381,15,1,Cool Coal Man,_Kentucky_Derby,2008,44.0
382,4,2,Tale of Ekati,_Kentucky_Derby,2008,37.0
383,7,3,Anak Nakal,_Kentucky_Derby,2008,53.0
384,13,4,Court Vision,_Kentucky_Derby,2008,17.0
385,2,5,Eight Belles,_Kentucky_Derby,2008,13.0
386,10,6,Z Fortune,_Kentucky_Derby,2008,19.0
387,18,7,Big Truck,_Kentucky_Derby,2008,28.0
388,12,8,Visionaire,_Kentucky_Derby,2008,25.0
389,8,9,Pyro,_Kentucky_Derby,2008,5.0
390,6,10,Colonel John,_Kentucky_Derby,2008,4.5
391,14,11,Z Humor,_Kentucky_Derby,2008,63.0
392,11,12,Smooth Air,_Kentucky_Derby,2008,42.0
393,16,13,Bob Black Jack,_Kentucky_Derby,2008,29.0
394,20,14,Monba,_Kentucky_Derby,2008,31.0
395,19,15,Adriano,_Kentucky_Derby,2008,28.0
396,3,16,Denis of Cork,_Kentucky_Derby,2008,27.0
397,9,17,Cowboy Cal,_Kentucky_Derby,2008,39.0
398,5,18,Recapturetheglory,_Kentucky_Derby,2008,49.0
399,17,19,Gayego,_Kentucky_Derby,2008,18.0
400,1,20,Big Brown,_Kentucky_Derby,2008,2.0
401,1,8,Mine That Bird,_Kentucky_Derby,2009,50.6
402,2,16,Pioneerof the Nile,_Kentucky_Derby,2009,6.3
403,3,2,Musket Man,_Kentucky_Derby,2009,19.0
404,4,7,Papa Clem,_Kentucky_Derby,2009,12.2
405,5,11,Chocolate Candy,_Kentucky_Derby,2009,10.0
406,1,4,Super Saver,_Kentucky_Derby,2010,15.0
407,2,2,Ice Box,_Kentucky_Derby,2010,10.0
408,3,10,Paddy O'Prado,_Kentucky_Derby,2010,20.0
409,4,9,Make Music for Me,_Kentucky_Derby,2010,50.0
410,5,3,Noble's Promise,_Kentucky_Derby,2010,12.0
411,6,1,Lookin at Lucky,_Kentucky_Derby,2010,3.0
412,7,17,Dublin,_Kentucky_Derby,2010,12.0
413,8,6,Stately Victor,_Kentucky_Derby,2010,30.0
414,9,14,Mission Impazible,_Kentucky_Derby,2010,20.0
415,10,11,Devil May Care,_Kentucky_Derby,2010,10.0
416,11,7,American Lion,_Kentucky_Derby,2010,30.0
417,12,13,Jackson Bend,_Kentucky_Derby,2010,15.0
418,13,15,Discreetly Mine,_Kentucky_Derby,2010,30.0
419,14,8,Dean's Kitten,_Kentucky_Derby,2010,50.0
420,15,12,Conveyance,_Kentucky_Derby,2010,12.0
421,16,19,Homeboykris,_Kentucky_Derby,2010,50.0
422,17,20,Sidney's Candy,_Kentucky_Derby,2010,5.0
423,18,5,Line of David,_Kentucky_Derby,2010,30.0
424,19,16,Awesome Act,_Kentucky_Derby,2010,10.0
425,20,18,Backtalk,_Kentucky_Derby,2010,50.0
426,1,16,Animal Kingdom,_Kentucky_Derby,2011,30.0
427,2,19,Nehro,_Kentucky_Derby,2011,6.0
428,3,13,Mucho Macho Man,_Kentucky_Derby,2011,12.0
429,4,14,Shackleford,_Kentucky_Derby,2011,12.0
430,5,11,Master of Hounds,_Kentucky_Derby,2011,30.0
431,6,12,Santiva,_Kentucky_Derby,2011,30.0
432,7,2,Brilliant Speed,_Kentucky_Derby,2011,30.0
433,8,8,Dialed In,_Kentucky_Derby,2011,4.0
434,9,7,Pants On Fire,_Kentucky_Derby,2011,20.0
435,10,3,Twice the Appeal,_Kentucky_Derby,2011,20.0
436,11,17,Soldat,_Kentucky_Derby,2011,12.0
437,12,4,Stay Thirsty,_Kentucky_Derby,2011,20.0
438,13,9,Derby Kitten,_Kentucky_Derby,2011,30.0
439,14,5,Decisive Moment,_Kentucky_Derby,2011,30.0
440,15,1,Archarcharch,_Kentucky_Derby,2011,10.0
441,16,15,Midnight Interlude,_Kentucky_Derby,2011,10.0
442,17,10,Twinspired,_Kentucky_Derby,2011,30.0
443,18,20,Watch Me Go,_Kentucky_Derby,2011,50.0
444,19,6,Comma To The Top,_Kentucky_Derby,2011,30.0
445,1,19,I'll Have Another,_Kentucky_Derby,2012,12.0
446,2,6,Bodemeister,_Kentucky_Derby,2012,4.0
447,3,5,Dullahan,_Kentucky_Derby,2012,8.0
448,4,13,Went The Day Well,_Kentucky_Derby,2012,20.0
449,5,8,Creative Cause,_Kentucky_Derby,2012,12.0
450,6,20,Liaison,_Kentucky_Derby,2012,50.0
451,7,4,Union Rags,_Kentucky_Derby,2012,4.5
452,8,7,Rousing Sermon,_Kentucky_Derby,2012,50.0
453,9,14,Hansen,_Kentucky_Derby,2012,10.0
454,10,10,Daddy Nose Best,_Kentucky_Derby,2012,15.0
455,11,2,Optimizer,_Kentucky_Derby,2012,50.0
456,12,11,Alpha,_Kentucky_Derby,2012,15.0
457,13,16,El Padrino,_Kentucky_Derby,2012,20.0
458,14,17,Done Talking,_Kentucky_Derby,2012,50.0
459,15,18,Sabercat,_Kentucky_Derby,2012,30.0
460,16,15,Gemologist,_Kentucky_Derby,2012,6.0
461,17,9,Trinniberg,_Kentucky_Derby,2012,50.0
462,18,12,Prospective,_Kentucky_Derby,2012,30.0
463,19,3,Take Charge Indy,_Kentucky_Derby,2012,15.0
464,0,1,Daddy Long Legs,_Kentucky_Derby,2012,30.0
465,1,16,Orb,_Kentucky_Derby,2013,3.5
466,2,4,Golden Soul,_Kentucky_Derby,2013,50.0
467,3,3,Revolutionary,_Kentucky_Derby,2013,10.0
468,4,5,Normandy Invasion,_Kentucky_Derby,2013,12.0
469,5,6,Mylute,_Kentucky_Derby,2013,15.0
470,6,2,Oxbow,_Kentucky_Derby,2013,30.0
471,7,11,Lines of Battle,_Kentucky_Derby,2013,30.0
472,8,17,Will Take Charge,_Kentucky_Derby,2013,20.0
473,9,15,Charming Kitten,_Kentucky_Derby,2013,20.0
474,10,7,Giant Finish,_Kentucky_Derby,2013,50.0
475,11,9,Overanalyze,_Kentucky_Derby,2013,15.0
476,12,10,Palace Malice,_Kentucky_Derby,2013,20.0
477,13,19,Java's War,_Kentucky_Derby,2013,15.0
478,14,14,Verrazano,_Kentucky_Derby,2013,4.0
479,15,12,Itsmyluckyday,_Kentucky_Derby,2013,15.0
480,16,18,Frac Daddy,_Kentucky_Derby,2013,50.0
481,17,8,Goldencents,_Kentucky_Derby,2013,5.0
482,18,20,Vyjack,_Kentucky_Derby,2013,50.0
483,19,13,Falling Sky,_Kentucky_Derby,2013,50.0
484,0,1,Black Onyx,_Kentucky_Derby,2013,50.0
485,0,0,Fear the Kitten,_Kentucky_Derby,2013,0.0
486,1,5,California Chrome,_Kentucky_Derby,2014,2.5
487,2,17,Commanding Curve,_Kentucky_Derby,2014,50.0
488,3,4,Danza,_Kentucky_Derby,2014,10.0
489,4,20,Wicked Strong,_Kentucky_Derby,2014,8.0
490,5,6,Samraat,_Kentucky_Derby,2014,15.0
491,6,12,Dance With Fate,_Kentucky_Derby,2014,20.0
492,7,19,Ride On Curlin,_Kentucky_Derby,2014,15.0
493,8,14,Medal Count,_Kentucky_Derby,2014,20.0
494,9,13,Chitu,_Kentucky_Derby,2014,20.0
495,10,7,We Miss Artie,_Kentucky_Derby,2014,50.0
496,11,8,General A Rod,_Kentucky_Derby,2014,15.0
497,12,16,Intense Holiday,_Kentucky_Derby,2014,12.0
498,13,18,Candy Boy,_Kentucky_Derby,2014,20.0
499,14,3,Uncle Sigh,_Kentucky_Derby,2014,30.0
500,15,15,Tapiture,_Kentucky_Derby,2014,15.0
501,16,2,Harry's Holiday,_Kentucky_Derby,2014,50.0
502,17,9,Vinceremos,_Kentucky_Derby,2014,30.0
503,18,10,Wildcat Red,_Kentucky_Derby,2014,15.0
504,19,1,Vicar's In Trouble,_Kentucky_Derby,2014,30.0
505,0,11,Hoppertunity,_Kentucky_Derby,2014,0.0
506,0,0,Pablo del Monte,_Kentucky_Derby,2014,0.0
507,1,18,American Pharoah,_Kentucky_Derby,2015,2.5
508,2,10,Firing Line,_Kentucky_Derby,2015,12.0
509,3,8,Dortmund,_Kentucky_Derby,2015,3.0
510,4,15,Frosted,_Kentucky_Derby,2015,15.0
511,5,5,Danzig Moon,_Kentucky_Derby,2015,30.0
512,6,3,Materiality,_Kentucky_Derby,2015,12.0
513,7,14,Keen Ice,_Kentucky_Derby,2015,50.0
514,8,6,Mubtaahij,_Kentucky_Derby,2015,20.0
515,9,13,Itsaknockout,_Kentucky_Derby,2015,30.0
516,10,2,Carpe Diem,_Kentucky_Derby,2015,8.0
517,11,21,Frammento,_Kentucky_Derby,2015,50.0
518,12,9,Bolo,_Kentucky_Derby,2015,30.0
519,13,17,Mr. Z,_Kentucky_Derby,2015,50.0
520,14,1,Ocho Ocho Ocho,_Kentucky_Derby,2015,50.0
521,15,20,Far Right,_Kentucky_Derby,2015,30.0
522,16,16,War Story,_Kentucky_Derby,2015,50.0
523,17,4,Tencendur,_Kentucky_Derby,2015,30.0
524,18,19,Upstart,_Kentucky_Derby,2015,15.0
525,0,12,International Star,_Kentucky_Derby,2015,0.0
526,0,7,El Kabeir,_Kentucky_Derby,2015,0.0
527,0,11,Stanford,_Kentucky_Derby,2015,0.0
528,1,8,Jazil,_Belmont_Stakes,2006,6.0
529,2,9,Bluegrass Cat,_Belmont_Stakes,2006,5.0
530,3,2,Sunriver,_Belmont_Stakes,2006,6.0
531,4,11,Steppenwolfer,_Belmont_Stakes,2006,5.0
532,5,6,Oh So Awesome,_Belmont_Stakes,2006,12.0
533,6,3,Hemingway's Key,_Belmont_Stakes,2006,15.0
534,7,1,Platinum Couple,_Belmont_Stakes,2006,38.0
535,8,4,Bob and John,_Belmont_Stakes,2006,4.5
536,9,12,Sacred Light,_Belmont_Stakes,2006,20.0
537,10,5,High Finance,_Belmont_Stakes,2006,10.0
538,11,7,Deputy Glitters,_Belmont_Stakes,2006,12.0
539,12,10,Double Galore,_Belmont_Stakes,2006,15.0
540,1,7,Rags to Riches,_Belmont_Stakes,2007,3.0
541,2,3,Curlin,_Belmont_Stakes,2007,1.2
542,3,2,Tiago,_Belmont_Stakes,2007,10.0
543,4,6,Hard Spun,_Belmont_Stakes,2007,2.5
544,5,4,C P West,_Belmont_Stakes,2007,12.0
545,6,1,Imawildandcrazyguy,_Belmont_Stakes,2007,20.0
546,7,5,Slew's Tizzy,_Belmont_Stakes,2007,20.0
547,1,6,Da'Tara,_Belmont_Stakes,2008,38.0
548,2,4,Denis of Cork,_Belmont_Stakes,2008,7.0
549,0,8,Anak Nakal,_Belmont_Stakes,2008,34.0
550,0,9,Ready's Echo,_Belmont_Stakes,2008,29.0
551,5,3,Macho Again,_Belmont_Stakes,2008,17.0
552,6,7,Tale of Ekati,_Belmont_Stakes,2008,14.0
553,7,2,Guadalcanal,_Belmont_Stakes,2008,25.0
554,8,10,Icabad Crane,_Belmont_Stakes,2008,17.0
555,9,1,Big Brown,_Belmont_Stakes,2008,0.25
556,0,5,Casino Drive[6],_Belmont_Stakes,2008,3.5
557,1,4,Summer Bird,_Belmont_Stakes,2009,12.0
558,2,2,Dunkirk,_Belmont_Stakes,2009,4.5
559,3,7,Mine That Bird,_Belmont_Stakes,2009,22.0
560,4,6,Charitable Man,_Belmont_Stakes,2009,17.0
561,5,5,Luv Gov,_Belmont_Stakes,2009,28.0
562,1,7,Drosselmeyer,_Belmont_Stakes,2010,12.0
563,2,5,Fly Down,_Belmont_Stakes,2010,4.5
564,3,11,First Dude,_Belmont_Stakes,2010,3.5
565,4,8,Game On Dude,_Belmont_Stakes,2010,10.0
566,5,10,Stay Put,_Belmont_Stakes,2010,20.0
567,6,12,Interactif,_Belmont_Stakes,2010,12.0
568,7,9,Stately Victor,_Belmont_Stakes,2010,15.0
569,8,6,Ice Box,_Belmont_Stakes,2010,3.0
570,9,4,Make Music For Me,_Belmont_Stakes,2010,10.0
571,10,1,Dave in Dixie,_Belmont_Stakes,2010,20.0
572,11,2,Spangled Star,_Belmont_Stakes,2010,30.0
573,0,3,Uptowncharlybrown,_Belmont_Stakes,2010,10.0
574,1,3,Ruler on Ice,_Belmont_Stakes,2011,20.0
575,2,2,Stay Thirsty,_Belmont_Stakes,2011,20.0
576,3,5,Brilliant Speed,_Belmont_Stakes,2011,15.0
577,4,6,Nehro,_Belmont_Stakes,2011,4.0
578,5,12,Shackleford,_Belmont_Stakes,2011,4.5
579,6,9,Animal Kingdom,_Belmont_Stakes,2011,2.0
580,7,10,Mucho Macho Man,_Belmont_Stakes,2011,10.0
581,8,4,Santiva,_Belmont_Stakes,2011,15.0
582,9,7,Monzon,_Belmont_Stakes,2011,30.0
583,10,1,Master of Hounds,_Belmont_Stakes,2011,10.0
584,11,8,Prime Cut,_Belmont_Stakes,2011,15.0
585,12,11,Isn't He Perfect,_Belmont_Stakes,2011,30.0
586,1,3,Union Rags,_Belmont_Stakes,2012,6.0
587,2,9,Paynter,_Belmont_Stakes,2012,8.0
588,3,4,Atigun,_Belmont_Stakes,2012,30.0
589,4,1,Street Life,_Belmont_Stakes,2012,12.0
590,5,7,Five Sixteen,_Belmont_Stakes,2012,50.0
591,6,2,Unstoppable U,_Belmont_Stakes,2012,30.0
592,7,5,Dullahan,_Belmont_Stakes,2012,5.0
593,8,11,My Adonis,_Belmont_Stakes,2012,20.0
594,9,6,Ravelo's Boy,_Belmont_Stakes,2012,50.0
595,10,10,Optimizer,_Belmont_Stakes,2012,20.0
596,0,8,Guyana Star Dweej,_Belmont_Stakes,2012,50.0
597,0,11,I'll Have Another,_Belmont_Stakes,2012,0.8
598,1,12,Palace Malice,_Belmont_Stakes,2013,15.0
599,2,7,Oxbow,_Belmont_Stakes,2013,5.0
600,3,5,Orb,_Belmont_Stakes,2013,3.0
601,4,6,Incognito,_Belmont_Stakes,2013,20.0
602,5,9,Revolutionary,_Belmont_Stakes,2013,4.5
603,6,13,Unlimited Budget,_Belmont_Stakes,2013,8.0
604,7,3,Overanalyze,_Belmont_Stakes,2013,12.0
605,8,11,Vyjack,_Belmont_Stakes,2013,20.0
606,9,14,Golden Soul,_Belmont_Stakes,2013,10.0
607,10,10,Will Take Charge,_Belmont_Stakes,2013,20.0
608,11,4,Giant Finish,_Belmont_Stakes,2013,30.0
609,12,8,Midnight Taboo,_Belmont_Stakes,2013,30.0
610,13,2,Freedom Child,_Belmont_Stakes,2013,8.0
611,14,1,Frac Daddy,_Belmont_Stakes,2013,30.0
612,1,11,Tonalist,_Belmont_Stakes,2014,8.0
613,2,8,Commissioner,_Belmont_Stakes,2014,20.0
614,3,1,Medal Count,_Belmont_Stakes,2014,20.0
615,4,2,California Chrome,_Belmont_Stakes,2014,0.6
616,4,9,Wicked Strong,_Belmont_Stakes,2014,6.0
617,6,7,Samraat,_Belmont_Stakes,2014,20.0
618,7,10,General a Rod,_Belmont_Stakes,2014,20.0
619,8,3,Matterhorn,_Belmont_Stakes,2014,30.0
620,9,4,Commanding Curve,_Belmont_Stakes,2014,15.0
621,0,6,Matuszak,_Belmont_Stakes,2014,30.0
622,0,5,Ride On Curlin,_Belmont_Stakes,2014,12.0
623,1,5,American Pharoah,_Belmont_Stakes,2015,0.6
624,2,6,Frosted,_Belmont_Stakes,2015,5.0
625,3,7,Keen Ice,_Belmont_Stakes,2015,20.0
626,4,1,Mubtaahij,_Belmont_Stakes,2015,10.0
627,5,4,Frammento,_Belmont_Stakes,2015,30.0
628,6,3,Madefromlucky,_Belmont_Stakes,2015,12.0
629,7,2,Tale of Verve,_Belmont_Stakes,2015,15.0
630,8,8,Materiality,_Belmont_Stakes,2015,6.0
