,Finish,Post,Horse,Track,Year,Odds,Odds2
0,1st,11,Real Quiet,_Preakness_Stakes,1998,2.50-1,2.5
1,2nd,10,Victory Gallop,_Preakness_Stakes,1998,"2.00-1
favorite",2.0
2,3rd,3,Classic Cat,_Preakness_Stakes,1998,12.30-1,12.3
3,4th,7,Hot Wells,_Preakness_Stakes,1998,25.20-1,25.2
4,5th,2,Black Cash,_Preakness_Stakes,1998,7.10-1,7.1
5,6th,1,Spartan Cat,_Preakness_Stakes,1998,98.80-1,98.8
6,7th,6,Baquero,_Preakness_Stakes,1998,14.60-1,14.6
7,8th,5,Basic Trainee,_Preakness_Stakes,1998,63.80-1,63.8
8,9th,4,Cape Town,_Preakness_Stakes,1998,2.90-1,2.9
9,10th,8,Silver's Prospect,_Preakness_Stakes,1998,98.00-1,98.0
10,11th,scr,Coronado's Quest,_Preakness_Stakes,1998,scr,0
11,1st,6,Charismatic,_Preakness_Stakes,1999,8.40-1,8.4
12,2nd,5,Menifee,_Preakness_Stakes,1999,"2.00-1
favorite",2.0
13,3rd,4,Badge,_Preakness_Stakes,1999,58.00-1,58.0
14,4th,11,Stephen Got Even,_Preakness_Stakes,1999,11.00-1,11.0
15,5th,8,Patience Game,_Preakness_Stakes,1999,15.60-1,15.6
16,6th,6,Adonis,_Preakness_Stakes,1999,19.80-1,19.8
17,7th,3,Cat Thief,_Preakness_Stakes,1999,5.20-1,5.2
18,8th,2,Kimberlite Pipe,_Preakness_Stakes,1999,17.40-1,17.4
19,9th,12,Valhol,_Preakness_Stakes,1999,61.70-1,61.7
20,10th,13,Vicar,_Preakness_Stakes,1999,24.00-1,24.0
21,11th,1,Torrid Sand,_Preakness_Stakes,1999,102.80-1,102.8
22,12th,10,Worldly Manner,_Preakness_Stakes,1999,5.30-1,5.3
23,13th,7,Excellent Meeting,_Preakness_Stakes,1999,6.60-1,6.6
24,14th,scr,Silverbulletday,_Preakness_Stakes,1999,scr,0
25,1st,4,Red Bullet,_Preakness_Stakes,2000,6.20-1,6.2
26,2nd,7,Fusaichi Pegasus,_Preakness_Stakes,2000,"0.30-1
favorite",0.3
27,3rd,3,Impeachment,_Preakness_Stakes,2000,19.10-1,19.1
28,4th,6,Captain Steve,_Preakness_Stakes,2000,11.50-1,11.5
29,5th,2,Snuck In,_Preakness_Stakes,2000,19.60-1,19.6
30,6th,1,Hugh Hefner,_Preakness_Stakes,2000,49.70-1,49.7
31,7th,5,High Yield,_Preakness_Stakes,2000,7.30-1,7.3
32,8th,8,Hal's Hope,_Preakness_Stakes,2000,35.10-1,35.1
33,1st,11,Point Given,_Preakness_Stakes,2001,"2.30-1
favorite",2.3
34,2nd,4,A P Valentine,_Preakness_Stakes,2001,10.20-1,10.2
35,3rd,5,Congaree,_Preakness_Stakes,2001,2.80-1,2.8
36,4th,10,Dollar Bill,_Preakness_Stakes,2001,8.30-1,8.3
37,5th,3,Griffinite,_Preakness_Stakes,2001,59.10-1,59.1
38,6th,7,Monarchos,_Preakness_Stakes,2001,2.30-1,2.3
39,7th,1,Marciano,_Preakness_Stakes,2001,46.30-1,46.3
40,8th,9,Bay Eagle,_Preakness_Stakes,2001,88.30-1,88.3
41,9th,8,Percy Hope,_Preakness_Stakes,2001,52.60-1,52.6
42,10th,6,Richly Blended,_Preakness_Stakes,2001,17.90-1,17.9
43,11th,2,Mr. John,_Preakness_Stakes,2001,20.20-1,20.2
44,1st,8,War Emblem,_Preakness_Stakes,2002,"2.80-1
favorite",2.8
45,2nd,2,Magic Weisner,_Preakness_Stakes,2002,45.70-1,45.7
46,3rd,12,Proud Citizen,_Preakness_Stakes,2002,7.40-1,7.4
47,4th,6,Harlan's Holiday,_Preakness_Stakes,2002,5.20-1,5.2
48,5th,7,Easyfromthegitgo,_Preakness_Stakes,2002,23.40-1,23.4
49,6th,1,U S S Tinosa,_Preakness_Stakes,2002,10.20-1,10.2
50,7th,4,Crimson Hero,_Preakness_Stakes,2002,14.80-1,14.8
51,8th,5,Medaglia d'Oro,_Preakness_Stakes,2002,3.00-1,3.0
52,9th,3,Straight Gin,_Preakness_Stakes,2002,28.00-1,28.0
53,10th,1,Menacing Dennis,_Preakness_Stakes,2002,51.20-1,51.2
54,11th,9,Table Limit,_Preakness_Stakes,2002,23.10-1,23.1
55,12th,10,Booklet,_Preakness_Stakes,2002,9.90-1,9.9
56,13th,11,Equality,_Preakness_Stakes,2002,27.50-1,27.5
57,1st,9,Funny Cide,_Preakness_Stakes,2003,"1.90-1
favorite",1.9
58,2nd,6,Midway Road,_Preakness_Stakes,2003,20.00-1,20.0
59,3rd,2,Scrimshaw,_Preakness_Stakes,2003,4.90-1,4.9
60,4th,7,Peace Rules,_Preakness_Stakes,2003,2.40-1,2.4
61,5th,10,Senor Swinger,_Preakness_Stakes,2003,4.90-1,4.9
62,6th,8,New York Hero,_Preakness_Stakes,2003,19.60-1,19.6
63,7th,3,Foufa's Warrior,_Preakness_Stakes,2003,22.40-1,22.4
64,8th,1,Cherokee's Boy,_Preakness_Stakes,2003,9.70-1,9.7
65,9th,5,Ten Cents A Shine,_Preakness_Stakes,2003,8.50-1,8.5
66,10th,4,Kissin Saint,_Preakness_Stakes,2003,10.20-1,10.2
67,1st,7,Smarty Jones,_Preakness_Stakes,2004,"0.70-1
favorite",0.7
68,2nd,10,Rock Hard Ten,_Preakness_Stakes,2004,6.90-1,6.9
69,3rd,9,Eddington,_Preakness_Stakes,2004,13.20-1,13.2
70,4th,1,Lion Heart,_Preakness_Stakes,2004,4.90-1,4.9
71,5th,8,Imperialism,_Preakness_Stakes,2004,6.60-1,6.6
72,6th,6,Sir Shackleton,_Preakness_Stakes,2004,37.50-1,37.5
73,7th,2,Borrego,_Preakness_Stakes,2004,12.80-1,12.8
74,8th,3,Little Matth Man,_Preakness_Stakes,2004,45.00-1,45.0
75,9th,5,Song of the Sword,_Preakness_Stakes,2004,51.00-1,51.0
76,10th,11,Water Cannon,_Preakness_Stakes,2004,39.50-1,39.5
77,1st,12,Afleet Alex,_Preakness_Stakes,2005,"3.30-1
favorite",3.3
78,2nd,5,Scrappy T,_Preakness_Stakes,2005,13.30-1,13.3
79,3rd,13,Giacomo,_Preakness_Stakes,2005,6.00-1,6.0
80,4th,10,Sun King,_Preakness_Stakes,2005,21.10-1,21.1
81,5th,11,High Limit,_Preakness_Stakes,2005,18.70-1,18.7
82,6th,3,Noble Causeway,_Preakness_Stakes,2005,11.30-1,11.3
83,7th,4,Greeley's Galaxy,_Preakness_Stakes,2005,9.40-1,9.4
84,8th,1,Malibu Moonshine,_Preakness_Stakes,2005,24.00-1,24.0
85,9th,7,Closing Argument,_Preakness_Stakes,2005,7.20-1,7.2
86,10th,2,High Fly,_Preakness_Stakes,2005,5.10-1,5.1
87,11th,6,Hal's Image,_Preakness_Stakes,2005,23.50-1,23.5
88,12th,9,Wilko,_Preakness_Stakes,2005,13.30-1,13.3
89,13th,5,Galloping Grocer,_Preakness_Stakes,2005,27.00-1,27.0
90,14th,14,Going Wild,_Preakness_Stakes,2005,26.50-1,26.5
91,1st,8,Bernardini,_Preakness_Stakes,2006,12.90-1,12.9
92,2nd,7,Sweetnorthernsaint,_Preakness_Stakes,2006,8.40-1,8.4
93,3rd,3,Hemingway's Key,_Preakness_Stakes,2006,29.40-1,29.4
94,4th,5,Brother Derek,_Preakness_Stakes,2006,3.20-1,3.2
95,5th,4,Greeley's Galaxy,_Preakness_Stakes,2006,34.90-1,34.9
96,6th,2,Platinum Couple,_Preakness_Stakes,2006,33.20-1,33.2
97,7th,1,Like Now,_Preakness_Stakes,2006,17.40-1,17.4
98,8th,9,Diabolical,_Preakness_Stakes,2006,26.00-1,26.0
99,9th,6,Barbaro,_Preakness_Stakes,2006,"0.5-1
favorite",0.5
100,1st,4,Curlin,_Preakness_Stakes,2007,3.40-1,3.4
101,2nd,8,Street Sense,_Preakness_Stakes,2007,"1.30-1
favorite",1.3
102,3rd,7,Hard Spun,_Preakness_Stakes,2007,4.10-1,4.1
103,4th,9,C P West,_Preakness_Stakes,2007,24.90-1,24.9
104,5th,3,Circular Quay,_Preakness_Stakes,2007,6.00-1,6.0
105,6th,5,King of the Roxy,_Preakness_Stakes,2007,14.20-1,14.2
106,7th,1,Mint Slewlep,_Preakness_Stakes,2007,40.10-1,40.1
107,8th,2,Xchanger,_Preakness_Stakes,2007,23.00-1,23.0
108,9th,6,Flying First Class,_Preakness_Stakes,2007,16.60-1,16.6
109,1st,7,Big Brown,_Preakness_Stakes,2008,"1-5
favorite",0.2
110,2nd,1,Macho Again,_Preakness_Stakes,2008,40-1,40.0
111,3rd,3,Icabad Crane,_Preakness_Stakes,2008,22-1,22.0
112,4th,6,Racecar Rhapsody,_Preakness_Stakes,2008,25-1,25.0
113,5th,9,Stevil,_Preakness_Stakes,2008,41-1,41.0
114,6th,8,Kentucky Bear,_Preakness_Stakes,2008,14-1,14.0
115,7th,13,Hey Byrn,_Preakness_Stakes,2008,34-1,34.0
116,8th,11,Giant Moon,_Preakness_Stakes,2008,37-1,37.0
117,9th,2,Tres Borrachos,_Preakness_Stakes,2008,43-1,43.0
118,10th,4,Yankee Bravo,_Preakness_Stakes,2008,24-1,24.0
119,11th,12,Gayego,_Preakness_Stakes,2008,9-1,9.0
120,12th,10,Riley Tucker,_Preakness_Stakes,2008,36-1,36.0
121,Scr,5,Behindatthebar,_Preakness_Stakes,2008,Scr,0
122,1st,13,Rachel Alexandra,_Preakness_Stakes,2009,"8-5
favorite",1.6
123,2nd,2,Mine That Bird,_Preakness_Stakes,2009,6-1,6.0
124,3rd,3,Musket Man,_Preakness_Stakes,2009,8-1,8.0
125,4th,10,Flying Private,_Preakness_Stakes,2009,50-1,50.0
126,5th,1,Big Drama,_Preakness_Stakes,2009,10-1,10.0
127,6th,7,Papa Clem,_Preakness_Stakes,2009,12-1,12.0
128,7th,6,Terrain,_Preakness_Stakes,2009,30-1,30.0
129,8th,4,Luv Gov,_Preakness_Stakes,2009,50-1,50.0
130,9th,8,General Quarters,_Preakness_Stakes,2009,20-1,20.0
131,10th,5,Friesan Fire,_Preakness_Stakes,2009,6-1,6.0
132,11th,9,Pioneerof the Nile,_Preakness_Stakes,2009,5-1,5.0
133,12th,12,Tone It Down,_Preakness_Stakes,2009,50-1,50.0
134,13th,11,Take the Points,_Preakness_Stakes,2009,30-1,30.0
135,1st,7,Lookin At Lucky,_Preakness_Stakes,2010,3-1,3.0
136,2nd,11,First Dude,_Preakness_Stakes,2010,20-1,20.0
137,3rd,6,Jackson Bend,_Preakness_Stakes,2010,12-1,12.0
138,4th,5,Yawanna Twist,_Preakness_Stakes,2010,30-1,30.0
139,5th,12,Dublin,_Preakness_Stakes,2010,10-1,10.0
140,6th,10,Paddy O'Prado,_Preakness_Stakes,2010,9-2,4.5
141,7th,9,Caracortado,_Preakness_Stakes,2010,10-1,10.0
142,8th,8,Super Saver,_Preakness_Stakes,2010,"5-2
favorite",2.5
143,9th,2,Schoolyard Dreams,_Preakness_Stakes,2010,15-1,15.0
144,10th,1,Aikenite,_Preakness_Stakes,2010,20-1,20.0
145,11th,3,Pleasant Prince,_Preakness_Stakes,2010,20-1,20.0
146,12th,4,Northern Giant,_Preakness_Stakes,2010,30-1,30.0
147,1st,5,Shackleford,_Preakness_Stakes,2011,12.0 !12–1,12.0
148,2nd,11,Animal Kingdom,_Preakness_Stakes,2011,"02.0 !2–1
favorite",2.0
149,3rd,1,Astrology,_Preakness_Stakes,2011,15.0 !15–1,15.0
150,4th,10,Dialed In,_Preakness_Stakes,2011,04.5 !9–2,4.5
151,5th,8,Dance City,_Preakness_Stakes,2011,12.0 !12–1,12.0
152,6th,9,Mucho Macho Man,_Preakness_Stakes,2011,06.0 !6–1,6.0
153,7th,3,King Congie,_Preakness_Stakes,2011,20.0 !20–1,20.0
154,8th,14,Mr. Commons,_Preakness_Stakes,2011,20.0 !20–1,20.0
155,9th,12,Isn't He Perfect,_Preakness_Stakes,2011,30.0 !30–1,30.0
156,10th,13,Concealed Identity,_Preakness_Stakes,2011,30.0 !30–1,30.0
157,11th,2,Norman Asbjornson,_Preakness_Stakes,2011,30.0 !30–1,30.0
158,12th,6,Sway Away,_Preakness_Stakes,2011,15.0 !15–1,15.0
159,13th,7,Midnight Interlude,_Preakness_Stakes,2011,15.0 !15–1,15.0
160,14th,4,Flashpoint,_Preakness_Stakes,2011,20.0 !20–1,20.0
161,1st,9,I'll Have Another,_Preakness_Stakes,2012,5-2,2.5
162,2nd,7,Bodemeister,_Preakness_Stakes,2012,"8-5
favorite",1.6
163,3rd,6,Creative Cause,_Preakness_Stakes,2012,6-1,6.0
164,th,4,Zetterholm,_Preakness_Stakes,2012,20-1,20.0
165,5th,2,Teeth of the Dog,_Preakness_Stakes,2012,15-1,15.0
166,6th,10,Optimizer,_Preakness_Stakes,2012,30-1,30.0
167,7th,11,Cozzetti,_Preakness_Stakes,2012,30-1,30.0
168,8th,1,Tiger Walk,_Preakness_Stakes,2012,30-1,30.0
169,9th,8,Daddy Nose Best,_Preakness_Stakes,2012,12-1,12.0
170,10th,5,Went the Day Well,_Preakness_Stakes,2012,6-1,6.0
171,11th,3,Pretension,_Preakness_Stakes,2012,30-1,30.0
172,1st,6,Oxbow,_Preakness_Stakes,2013,15-1,15.0
173,2nd,9,Itsmyluckyday,_Preakness_Stakes,2013,10-1,10.0
174,3rd,5,Mylute,_Preakness_Stakes,2013,5-1,5.0
175,4th,1,Orb,_Preakness_Stakes,2013,"1-1
favorite",1.0
176,5th,2,Goldencents,_Preakness_Stakes,2013,8-1,8.0
177,6th,4,Departing,_Preakness_Stakes,2013,6-1,6.0
178,7th,7,Will Take Charge,_Preakness_Stakes,2013,12-1,12.0
179,8th,8,Govenor Charlie,_Preakness_Stakes,2013,12-1,12.0
180,9th,3,Titletown Five,_Preakness_Stakes,2013,30-1,30.0
181,1,3,California Chrome,_Preakness_Stakes,2014,"3–5
favorite","3–5
favorite"
182,2,10,Ride on Curlin,_Preakness_Stakes,2014,10–1,10–1
183,3,8,Social Inclusion,_Preakness_Stakes,2014,5–1,5–1
184,4,2,General a Rod,_Preakness_Stakes,2014,15–1,15–1
185,5,4,Ring Weekend,_Preakness_Stakes,2014,20–1,20–1
186,6,9,Pablo Del Monte,_Preakness_Stakes,2014,20–1,20–1
187,7,1,Dynamic Impact,_Preakness_Stakes,2014,12–1,12–1
188,8,7,Kid Cruz,_Preakness_Stakes,2014,20–1,20–1
189,9,5,Bayern,_Preakness_Stakes,2014,10–1,10–1
190,10,6,Ria Antonia†,_Preakness_Stakes,2014,30–1,30–1
191,1,1,American Pharoah,_Preakness_Stakes,2015,6999800000000000000♠4-5,0.8
192,2,5,Tale of Verve,_Preakness_Stakes,2015,7001300000000000000♠30-1,30.0
193,3,7,Divining Rod,_Preakness_Stakes,2015,7001120000000000000♠12-1,12.0
194,4,2,Dortmund,_Preakness_Stakes,2015,7000350000000000000♠7-2,3.5
195,5,3,Mr. Z,_Preakness_Stakes,2015,7001200000000000000♠20-1,20.0
196,6,4,Danzig Moon,_Preakness_Stakes,2015,7001150000000000000♠15-1,15.0
197,7,8,Firing Line,_Preakness_Stakes,2015,7000400000000000000♠4-1,4.0
198,8,6,Bodhisattva,_Preakness_Stakes,2015,7001200000000000000♠20-1,20.0
199,1st,2,Real Quiet,_Kentucky_Derby,1998,,
200,2nd,12,Victory Gallop,_Kentucky_Derby,1998,,
201,3rd,7,Indian Charlie,_Kentucky_Derby,1998,,
202,4th,3,Halory Hunter,_Kentucky_Derby,1998,,
203,5th,10,Cape Town,_Kentucky_Derby,1998,,
204,6th,9,Parade Ground,_Kentucky_Derby,1998,,
205,7th,5,Hanuman Highway,_Kentucky_Derby,1998,,
206,8th,6,Favorite Trick,_Kentucky_Derby,1998,,
207,9th,1,Nationalore,_Kentucky_Derby,1998,,
208,10th,13,Old Trieste,_Kentucky_Derby,1998,,
209,11th,4,Chilito,_Kentucky_Derby,1998,,
210,12th,15,Robinwould,_Kentucky_Derby,1998,,
211,13th,11,Artax,_Kentucky_Derby,1998,,
212,14th,8,Rock and Roll,_Kentucky_Derby,1998,,
213,15th,14,Basic Trainee,_Kentucky_Derby,1998,,
214,1st,11,Charismatic,_Kentucky_Derby,1999,,
215,2nd,13,Menifee,_Kentucky_Derby,1999,,
216,3rd,8,Cat Thief,_Kentucky_Derby,1999,,
217,4th,9,Prime Timber,_Kentucky_Derby,1999,,
218,5th,2,Excellent Meeting,_Kentucky_Derby,1999,,
219,6th,17,Kimberlite Pipe,_Kentucky_Derby,1999,,
220,7th,1A,Worldly Manner,_Kentucky_Derby,1999,,
221,8th,16,K One King,_Kentucky_Derby,1999,,
222,9th,18,Lemon Drop Kid,_Kentucky_Derby,1999,,
223,10th,7,Answer Lively,_Kentucky_Derby,1999,,
224,11th,2B,General Challenge,_Kentucky_Derby,1999,,
225,12th,14,Ecton Park,_Kentucky_Derby,1999,,
226,13th,6,Desert Hero,_Kentucky_Derby,1999,,
227,14th,5,Stephen Got Even,_Kentucky_Derby,1999,,
228,15th,15,Valhol,_Kentucky_Derby,1999,,
229,16th,10,First American,_Kentucky_Derby,1999,,
230,17th,3,Adonis,_Kentucky_Derby,1999,,
231,18th,12,Vicar,_Kentucky_Derby,1999,,
232,19th,4,Three Ring,_Kentucky_Derby,1999,,
233,1st,12,Fusaichi Pegasus,_Kentucky_Derby,2000,,
234,2nd,5,Aptitude,_Kentucky_Derby,2000,,
235,3rd,1c,Impeachment,_Kentucky_Derby,2000,,
236,4th,9,More Than Ready,_Kentucky_Derby,2000,,
237,5th,3,Wheelaway,_Kentucky_Derby,2000,,
238,6th,11,China Visit,_Kentucky_Derby,2000,,
239,7th,18,Curule,_Kentucky_Derby,2000,,
240,8th,7,Captain Steve,_Kentucky_Derby,2000,,
241,9th,8,War Chant,_Kentucky_Derby,2000,,
242,10th,6,Deputy Warlock,_Kentucky_Derby,2000,,
243,11th,5,Trippi,_Kentucky_Derby,2000,,
244,12th,16,Exchange Rate,_Kentucky_Derby,2000,,
245,13th,1,Anees,_Kentucky_Derby,2000,,
246,14th,10,The Deputy,_Kentucky_Derby,2000,,
247,15th,17,High Yield,_Kentucky_Derby,2000,,
248,16th,4,Hal's Hope,_Kentucky_Derby,2000,,
249,17th,12,Commendable,_Kentucky_Derby,2000,,
250,18th,19,Ronton,_Kentucky_Derby,2000,,
251,19th,13,Graeme Hall,_Kentucky_Derby,2000,,
252,1st,16,Monarchos,_Kentucky_Derby,2001,,
253,2nd,13,Invisible Ink,_Kentucky_Derby,2001,,
254,3rd,8,Congaree,_Kentucky_Derby,2001,,
255,4th,4,Thunder Blitz,_Kentucky_Derby,2001,,
256,5th,17,Point Given,_Kentucky_Derby,2001,,
257,6th,15,Jamaican Rum,_Kentucky_Derby,2001,,
258,7th,9,A P Valentine,_Kentucky_Derby,2001,,
259,8th,6,Express Tour,_Kentucky_Derby,2001,,
260,9th,5,Fifty Stars,_Kentucky_Derby,2001,,
261,10th,12,Startac,_Kentucky_Derby,2001,,
262,11th,2,Millennium Wind,_Kentucky_Derby,2001,,
263,12th,7,Artic Boy,_Kentucky_Derby,2001,,
264,13th,1,Songandaprayer,_Kentucky_Derby,2001,,
265,14th,3,Balto Star,_Kentucky_Derby,2001,,
266,15th,10,Dollar Bill,_Kentucky_Derby,2001,,
267,16th,14,Keats,_Kentucky_Derby,2001,,
268,17th,11,Talk Is Money,_Kentucky_Derby,2001,,
269,1st,5,War Emblem,_Kentucky_Derby,2002,,
270,2nd,13,Proud Citizen,_Kentucky_Derby,2002,,
271,3rd,3,Perfect Drift,_Kentucky_Derby,2002,,
272,4th,9,Medaglia d'Oro,_Kentucky_Derby,2002,,
273,5th,7,Request for Parole,_Kentucky_Derby,2002,,
274,6th,8,Came Home,_Kentucky_Derby,2002,,
275,7th,15,Harlan's Holiday,_Kentucky_Derby,2002,,
276,8th,1,Johannesburg,_Kentucky_Derby,2002,,
277,9th,8,Essence of Dubai,_Kentucky_Derby,2002,,
278,10th,16,Saarland,_Kentucky_Derby,2002,,
279,11th,20,Blue Burner,_Kentucky_Derby,2002,,
280,12th,12,Castle Gandolfo,_Kentucky_Derby,2002,,
281,13th,19,Easy Grades,_Kentucky_Derby,2002,,
282,14th,11,Private Emblem,_Kentucky_Derby,2002,,
283,15th,10,Lusty Latin,_Kentucky_Derby,2002,,
284,16th,18,It'sallinthechase,_Kentucky_Derby,2002,,
285,17th,6,Ocean Sound,_Kentucky_Derby,2002,,
286,18th,2,Wild Horses,_Kentucky_Derby,2002,,
287,1st,6,Funny Cide,_Kentucky_Derby,2003,,
288,2nd,12,Empire Maker,_Kentucky_Derby,2003,,
289,3rd,5,Peace Rules,_Kentucky_Derby,2003,,
290,4th,4,Atswhatimtalknbout,_Kentucky_Derby,2003,,
291,5th,13,Eye of the Tiger,_Kentucky_Derby,2003,,
292,6th,8,Buddy Gil,_Kentucky_Derby,2003,,
293,7th,15,Outta Here,_Kentucky_Derby,2003,,
294,8th,14,Ten Cents a Shine,_Kentucky_Derby,2003,,
295,9th,16,Ten Most Wanted,_Kentucky_Derby,2003,,
296,10th,11,Domestic Dispute,_Kentucky_Derby,2003,,
297,11th,17,Scrimshaw,_Kentucky_Derby,2003,,
298,12th,7,Offlee Wild,_Kentucky_Derby,2003,,
299,13th,1,Supah Blitz,_Kentucky_Derby,2003,,
300,14th,9,Indian Express,_Kentucky_Derby,2003,,
301,15th,10,Lone Star Sky,_Kentucky_Derby,2003,,
302,16th,2,Brancusi,_Kentucky_Derby,2003,,
303,1st,15,Smarty Jones,_Kentucky_Derby,2004,,
304,2nd,3,Lion Heart,_Kentucky_Derby,2004,,
305,3rd,10,Imperialism,_Kentucky_Derby,2004,,
306,4th,1,Limehouse,_Kentucky_Derby,2004,,
307,5th,11,The Cliff's Edge,_Kentucky_Derby,2004,,
308,6th,4,Action This Day,_Kentucky_Derby,2004,,
309,7th,14,Read the Footnotes,_Kentucky_Derby,2004,,
310,8th,13,Birdstone,_Kentucky_Derby,2004,,
311,9th,18,Tapit,_Kentucky_Derby,2004,,
312,10th,12,Borrego,_Kentucky_Derby,2004,,
313,11th,2,Song of the Sword,_Kentucky_Derby,2004,,
314,12th,8,Master David,_Kentucky_Derby,2004,,
315,13th,19,Pro Prado,_Kentucky_Derby,2004,,
316,14th,16,Castledale,_Kentucky_Derby,2004,,
317,15th,6,Friends Lake,_Kentucky_Derby,2004,,
318,16th,7,Minister Eric,_Kentucky_Derby,2004,,
319,17th,17,Pollard's Vision,_Kentucky_Derby,2004,,
320,18th,20,Quintons Gold Rush,_Kentucky_Derby,2004,,
321,1st,10,Giacomo,_Kentucky_Derby,2005,,
322,2nd,18,Closing Argument,_Kentucky_Derby,2005,,
323,3rd,12,Afleet Alex,_Kentucky_Derby,2005,,
324,4th,17,Don't Get Mad,_Kentucky_Derby,2005,,
325,5th,20,Buzzard's Bay,_Kentucky_Derby,2005,,
326,6th,14,Wilko,_Kentucky_Derby,2005,,
327,7th,16,Bellamy Road,_Kentucky_Derby,2005,,
328,8th,2,Andromeda's Hero,_Kentucky_Derby,2005,,
329,9th,7,Flower Alley,_Kentucky_Derby,2005,,
330,10th,11,High Fly,_Kentucky_Derby,2005,,
331,11th,9,Greeley's Galaxy,_Kentucky_Derby,2005,,
332,12th,5,Coin Silver,_Kentucky_Derby,2005,,
333,13th,8,Greater Good,_Kentucky_Derby,2005,,
334,14th,4,Noble Causeway,_Kentucky_Derby,2005,,
335,15th,3,Sun King,_Kentucky_Derby,2005,,
336,16th,13,Spanish Chestnut,_Kentucky_Derby,2005,,
337,17th,1,Sort It Out,_Kentucky_Derby,2005,,
338,18th,19,Going Wild,_Kentucky_Derby,2005,,
339,19th,15,Bandini,_Kentucky_Derby,2005,,
340,20th,6,High Limit,_Kentucky_Derby,2005,,
341,1st,8,Barbaro,_Kentucky_Derby,2006,,
342,2nd,13,Bluegrass Cat,_Kentucky_Derby,2006,,
343,3rd,2,Steppenwolfer,_Kentucky_Derby,2006,,
344,4th,18,Brother Derek,_Kentucky_Derby,2006,,
345,4th,1,Jazil,_Kentucky_Derby,2006,,
346,6th,6,Showing Up,_Kentucky_Derby,2006,,
347,7th,11,Sweetnorthernsaint,_Kentucky_Derby,2006,,
348,8th,14,Deputy Glitters,_Kentucky_Derby,2006,,
349,9th,5,Point Determined,_Kentucky_Derby,2006,,
350,10th,15,Seaside Retreat,_Kentucky_Derby,2006,,
351,11th,19,Storm Treasure,_Kentucky_Derby,2006,,
352,12th,17,Lawyer Ron,_Kentucky_Derby,2006,,
353,13th,16,Cause to Believe,_Kentucky_Derby,2006,,
354,14th,20,Flashy Bull,_Kentucky_Derby,2006,,
355,15th,12,Private Vow,_Kentucky_Derby,2006,,
356,16th,4,Sinister Minister,_Kentucky_Derby,2006,,
357,17th,7,Bob and John,_Kentucky_Derby,2006,,
358,18th,10,A.P. Warrior,_Kentucky_Derby,2006,,
359,19th,9,Sharp Humor,_Kentucky_Derby,2006,,
360,20th,3,Keyed Entry,_Kentucky_Derby,2006,,
361,1st,7,Street Sense,_Kentucky_Derby,2007,4.90,4.90
362,2nd,8,Hard Spun,_Kentucky_Derby,2007,10.00,10.00
363,3rd,2,Curlin,_Kentucky_Derby,2007,5.00,5.00
364,4th,5,Imawildandcrazyguy,_Kentucky_Derby,2007,28.90,28.90
365,5th,1,Sedgefield,_Kentucky_Derby,2007,58.60,58.60
366,6th,16,Circular Quay,_Kentucky_Derby,2007,11.40,11.40
367,7th,15,Tiago,_Kentucky_Derby,2007,14.80,14.80
368,8th,18,Any Given Saturday,_Kentucky_Derby,2007,13.60,13.60
369,9th,13,Sam P.,_Kentucky_Derby,2007,43.70,43.70
370,10th,12,Nobiz Like Shobiz,_Kentucky_Derby,2007,10.40,10.40
371,11th,19,Dominican,_Kentucky_Derby,2007,24.90,24.90
372,12th,3,Zanjero,_Kentucky_Derby,2007,36.00,36.00
373,13th,20,Great Hunter,_Kentucky_Derby,2007,25.30,25.30
374,14th,9,Liquidity,_Kentucky_Derby,2007,40.00,40.00
375,15th,11,Bwana Bull,_Kentucky_Derby,2007,50.30,50.30
376,16th,4,Storm in May,_Kentucky_Derby,2007,27.20,27.20
377,17th,10,Teuflesberg,_Kentucky_Derby,2007,51.90,51.90
378,18th,14,Scat Daddy,_Kentucky_Derby,2007,7.20,7.20
379,19th,17,Stormello,_Kentucky_Derby,2007,44.80,44.80
380,20th,6,Cowtown Cat,_Kentucky_Derby,2007,19.80,19.80
381,15,1,Cool Coal Man,_Kentucky_Derby,2008,6998263000000000000♠44-1,44.0
382,4,2,Tale of Ekati,_Kentucky_Derby,2008,6998270000000000000♠37-1,37.0
383,7,3,Anak Nakal,_Kentucky_Derby,2008,6998164000000000000♠53-1,53.0
384,13,4,Court Vision,_Kentucky_Derby,2008,6998625000000000000♠17-1,17.0
385,2,5,Eight Belles,_Kentucky_Derby,2008,6998833000000000000♠13-1,13.0
386,10,6,Z Fortune,_Kentucky_Derby,2008,6998556000000099999♠19-1,19.0
387,18,7,Big Truck,_Kentucky_Derby,2008,6998500000000000000♠28-1,28.0
388,12,8,Visionaire,_Kentucky_Derby,2008,6998417000000000000♠25-1,25.0
389,8,9,Pyro,_Kentucky_Derby,2008,6999200000000000000♠5-1,5.0
390,6,10,Colonel John,_Kentucky_Derby,2008,6999222200000000000♠9-2,4.5
391,14,11,Z Humor,_Kentucky_Derby,2008,6998154000000000000♠63-1,63.0
392,11,12,Smooth Air,_Kentucky_Derby,2008,6998250000000000000♠42-1,42.0
393,16,13,Bob Black Jack,_Kentucky_Derby,2008,6998357000000000000♠29-1,29.0
394,20,14,Monba,_Kentucky_Derby,2008,6998333000000000000♠31-1,31.0
395,19,15,Adriano,_Kentucky_Derby,2008,6998370000000000000♠28-1,28.0
396,3,16,Denis of Cork,_Kentucky_Derby,2008,6998385000000000000♠27-1,27.0
397,9,17,Cowboy Cal,_Kentucky_Derby,2008,6998263000000000000♠39-1,39.0
398,5,18,Recapturetheglory,_Kentucky_Derby,2008,6998213000000000000♠49-1,49.0
399,17,19,Gayego,_Kentucky_Derby,2008,6998556000000099999♠18-1,18.0
400,1,20,Big Brown,_Kentucky_Derby,2008,6999400000000000000♠2-1,2.0
401,Win,8,Mine That Bird,_Kentucky_Derby,2009,,
402,Place,16,Pioneerof the Nile,_Kentucky_Derby,2009,,
403,Show,2,Musket Man,_Kentucky_Derby,2009,,
404,Fourth,7,Papa Clem,_Kentucky_Derby,2009,,
405,Fifth,11,Chocolate Candy,_Kentucky_Derby,2009,,
406,1,4,Super Saver,_Kentucky_Derby,2010,15,15
407,2,2,Ice Box,_Kentucky_Derby,2010,10,10
408,3,10,Paddy O'Prado,_Kentucky_Derby,2010,20,20
409,4,9,Make Music for Me,_Kentucky_Derby,2010,50,50
410,5,3,Noble's Promise,_Kentucky_Derby,2010,12,12
411,6,1,Lookin at Lucky,_Kentucky_Derby,2010,3,3
412,7,17,Dublin,_Kentucky_Derby,2010,12,12
413,8,6,Stately Victor,_Kentucky_Derby,2010,30,30
414,9,14,Mission Impazible,_Kentucky_Derby,2010,20,20
415,10,11,Devil May Care,_Kentucky_Derby,2010,10,10
416,11,7,American Lion,_Kentucky_Derby,2010,30,30
417,12,13,Jackson Bend,_Kentucky_Derby,2010,15,15
418,13,15,Discreetly Mine,_Kentucky_Derby,2010,30,30
419,14,8,Dean's Kitten,_Kentucky_Derby,2010,50,50
420,15,12,Conveyance,_Kentucky_Derby,2010,12,12
421,16,19,Homeboykris,_Kentucky_Derby,2010,50,50
422,17,20,Sidney's Candy,_Kentucky_Derby,2010,5,5
423,18,5,Line of David,_Kentucky_Derby,2010,30,30
424,19,16,Awesome Act,_Kentucky_Derby,2010,10,10
425,20,18,Backtalk,_Kentucky_Derby,2010,50,50
426,1,16,Animal Kingdom,_Kentucky_Derby,2011,30,30
427,2,19,Nehro,_Kentucky_Derby,2011,6,6
428,3,13,Mucho Macho Man,_Kentucky_Derby,2011,12,12
429,4,14,Shackleford,_Kentucky_Derby,2011,12,12
430,5,11,Master of Hounds,_Kentucky_Derby,2011,30,30
431,6,12,Santiva,_Kentucky_Derby,2011,30,30
432,7,2,Brilliant Speed,_Kentucky_Derby,2011,30,30
433,8,8,Dialed In,_Kentucky_Derby,2011,4,4
434,9,7,Pants On Fire,_Kentucky_Derby,2011,20,20
435,10,3,Twice the Appeal,_Kentucky_Derby,2011,20,20
436,11,17,Soldat,_Kentucky_Derby,2011,12,12
437,12,4,Stay Thirsty,_Kentucky_Derby,2011,20,20
438,13,9,Derby Kitten,_Kentucky_Derby,2011,30,30
439,14,5,Decisive Moment,_Kentucky_Derby,2011,30,30
440,15,1,Archarcharch,_Kentucky_Derby,2011,10,10
441,16,15,Midnight Interlude,_Kentucky_Derby,2011,10,10
442,17,10,Twinspired,_Kentucky_Derby,2011,30,30
443,18,20,Watch Me Go,_Kentucky_Derby,2011,50,50
444,19,6,Comma To The Top,_Kentucky_Derby,2011,30,30
445,(scratched)[6],18,"
Uncle Mo",_Kentucky_Derby,2011,4.5,4.5
446,1,19,I'll Have Another,_Kentucky_Derby,2012,12–1,12–1
447,2,6,Bodemeister,_Kentucky_Derby,2012,4–1,4–1
448,3,5,Dullahan,_Kentucky_Derby,2012,8–1,8–1
449,4,13,Went The Day Well,_Kentucky_Derby,2012,20–1,20–1
450,5,8,Creative Cause,_Kentucky_Derby,2012,12–1,12–1
451,6,20,Liaison,_Kentucky_Derby,2012,50–1,50–1
452,7,4,Union Rags,_Kentucky_Derby,2012,9–2,9–2
453,8,7,Rousing Sermon,_Kentucky_Derby,2012,50–1,50–1
454,9,14,Hansen,_Kentucky_Derby,2012,10–1,10–1
455,10,10,Daddy Nose Best,_Kentucky_Derby,2012,15–1,15–1
456,11,2,Optimizer,_Kentucky_Derby,2012,50–1,50–1
457,12,11,Alpha,_Kentucky_Derby,2012,15–1,15–1
458,13,16,El Padrino,_Kentucky_Derby,2012,20–1,20–1
459,14,17,Done Talking,_Kentucky_Derby,2012,50–1,50–1
460,15,18,Sabercat,_Kentucky_Derby,2012,30–1,30–1
461,16,15,Gemologist,_Kentucky_Derby,2012,6–1,6–1
462,17,9,Trinniberg,_Kentucky_Derby,2012,50–1,50–1
463,18,12,Prospective,_Kentucky_Derby,2012,30–1,30–1
464,19,3,Take Charge Indy,_Kentucky_Derby,2012,15–1,15–1
465,DNF,1,Daddy Long Legs,_Kentucky_Derby,2012,30–1,30–1
466,1,16,Orb,_Kentucky_Derby,2013,7-2,3.5
467,2,4,Golden Soul,_Kentucky_Derby,2013,50-1,50.0
468,3,3,Revolutionary,_Kentucky_Derby,2013,10-1,10.0
469,4,5,Normandy Invasion,_Kentucky_Derby,2013,12-1,12.0
470,5,6,Mylute,_Kentucky_Derby,2013,15-1,15.0
471,6,2,Oxbow,_Kentucky_Derby,2013,30-1,30.0
472,7,11,Lines of Battle,_Kentucky_Derby,2013,30-1,30.0
473,8,17,Will Take Charge,_Kentucky_Derby,2013,20-1,20.0
474,9,15,Charming Kitten,_Kentucky_Derby,2013,20-1,20.0
475,10,7,Giant Finish,_Kentucky_Derby,2013,50-1,50.0
476,11,9,Overanalyze,_Kentucky_Derby,2013,15-1,15.0
477,12,10,Palace Malice,_Kentucky_Derby,2013,20-1,20.0
478,13,19,Java's War,_Kentucky_Derby,2013,15-1,15.0
479,14,14,Verrazano,_Kentucky_Derby,2013,4-1,4.0
480,15,12,Itsmyluckyday,_Kentucky_Derby,2013,15-1,15.0
481,16,18,Frac Daddy,_Kentucky_Derby,2013,50-1,50.0
482,17,8,Goldencents,_Kentucky_Derby,2013,5-1,5.0
483,18,20,Vyjack,_Kentucky_Derby,2013,50-1,50.0
484,19,13,Falling Sky,_Kentucky_Derby,2013,50-1,50.0
485,Scratched,1,Black Onyx,_Kentucky_Derby,2013,50-1,50.0
486,DNR,Did not start,Fear the Kitten,_Kentucky_Derby,2013,DNR,0
487,1,5,California Chrome,_Kentucky_Derby,2014,5–2,5–2
488,2,17,Commanding Curve,_Kentucky_Derby,2014,50–1,50–1
489,3,4,Danza,_Kentucky_Derby,2014,10–1,10–1
490,4,20,Wicked Strong,_Kentucky_Derby,2014,8–1,8–1
491,5,6,Samraat,_Kentucky_Derby,2014,15–1,15–1
492,6,12,Dance With Fate,_Kentucky_Derby,2014,20–1,20–1
493,7,19,Ride On Curlin,_Kentucky_Derby,2014,15–1,15–1
494,8,14,Medal Count,_Kentucky_Derby,2014,20–1,20–1
495,9,13,Chitu,_Kentucky_Derby,2014,20–1,20–1
496,10,7,We Miss Artie,_Kentucky_Derby,2014,50–1,50–1
497,11,8,General A Rod,_Kentucky_Derby,2014,15–1,15–1
498,12,16,Intense Holiday,_Kentucky_Derby,2014,12–1,12–1
499,13,18,Candy Boy,_Kentucky_Derby,2014,20–1,20–1
500,14,3,Uncle Sigh,_Kentucky_Derby,2014,30–1,30–1
501,15,15,Tapiture,_Kentucky_Derby,2014,15–1,15–1
502,16,2,Harry's Holiday,_Kentucky_Derby,2014,50–1,50–1
503,17,9,Vinceremos,_Kentucky_Derby,2014,30–1,30–1
504,18,10,Wildcat Red,_Kentucky_Derby,2014,15–1,15–1
505,19,1,Vicar's In Trouble,_Kentucky_Derby,2014,30–1,30–1
506,7001200000000000000♠scratched[16],11,Hoppertunity,_Kentucky_Derby,2014,SCR,0
507,7001210000000000000♠scratched,7001210000000000000♠Also eligible,Pablo del Monte,_Kentucky_Derby,2014,SCR,0
508,1,18,American Pharoah,_Kentucky_Derby,2015,5-2,2.5
509,2,10,Firing Line,_Kentucky_Derby,2015,12-1,12.0
510,3,8,Dortmund,_Kentucky_Derby,2015,3-1,3.0
511,4,15,Frosted,_Kentucky_Derby,2015,15-1,15.0
512,5,5,Danzig Moon,_Kentucky_Derby,2015,30-1,30.0
513,6,3,Materiality,_Kentucky_Derby,2015,12-1,12.0
514,7,14,Keen Ice,_Kentucky_Derby,2015,50-1,50.0
515,8,6,Mubtaahij,_Kentucky_Derby,2015,20-1,20.0
516,9,13,Itsaknockout,_Kentucky_Derby,2015,30-1,30.0
517,10,2,Carpe Diem,_Kentucky_Derby,2015,8-1,8.0
518,11,21,Frammento,_Kentucky_Derby,2015,50-1,50.0
519,12,9,Bolo,_Kentucky_Derby,2015,30-1,30.0
520,13,17,Mr. Z,_Kentucky_Derby,2015,50-1,50.0
521,14,1,Ocho Ocho Ocho,_Kentucky_Derby,2015,50-1,50.0
522,15,20,Far Right,_Kentucky_Derby,2015,30-1,30.0
523,16,16,War Story,_Kentucky_Derby,2015,50-1,50.0
524,17,4,Tencendur,_Kentucky_Derby,2015,30-1,30.0
525,18,19,Upstart,_Kentucky_Derby,2015,15-1,15.0
526,7001210000000000000♠scratched[14],12,International Star,_Kentucky_Derby,2015,SCR,0
527,7001190000000000000♠scratched[13],7,El Kabeir,_Kentucky_Derby,2015,SCR,0
528,7001200000000000000♠scratched[12],11,Stanford,_Kentucky_Derby,2015,SCR,0
529,7001220000000000000♠omitted[13],"7001220000000000000♠22 Also
eligible",Tale of Verve,_Kentucky_Derby,2015,SCR,0
530,1st,,Jazil,_Belmont_Stakes,2006,,
531,2nd,,Bluegrass Cat,_Belmont_Stakes,2006,,
532,3rd,,Sunriver,_Belmont_Stakes,2006,,
533,4th,,Steppenwolfer,_Belmont_Stakes,2006,,
534,5th,,Oh So Awesome,_Belmont_Stakes,2006,,
535,6th,,Hemingway's Key,_Belmont_Stakes,2006,,
536,7th,,Platinum Couple,_Belmont_Stakes,2006,,
537,8th,,Bob and John,_Belmont_Stakes,2006,,
538,9th,,Sacred Light,_Belmont_Stakes,2006,,
539,10th,,High Finance,_Belmont_Stakes,2006,,
540,11th,,Deputy Glitters,_Belmont_Stakes,2006,,
541,12th,,Double Galore,_Belmont_Stakes,2006,,
542,1st,7,Rags to Riches,_Belmont_Stakes,2007,,
543,2nd,3,Curlin,_Belmont_Stakes,2007,,
544,3rd,2,Tiago,_Belmont_Stakes,2007,,
545,4th,6,Hard Spun,_Belmont_Stakes,2007,,
546,5th,4,C P West,_Belmont_Stakes,2007,,
547,6th,1,Imawildandcrazyguy,_Belmont_Stakes,2007,,
548,7th,5,Slew's Tizzy,_Belmont_Stakes,2007,,
549,1,6,Da'Tara,_Belmont_Stakes,2008,38-1,38.0
550,2,4,Denis of Cork,_Belmont_Stakes,2008,7-1,7.0
551,3 (DH),8,Anak Nakal,_Belmont_Stakes,2008,34-1,34.0
552,3 (DH),9,Ready's Echo,_Belmont_Stakes,2008,29-1,29.0
553,5,3,Macho Again,_Belmont_Stakes,2008,17-1,17.0
554,6,7,Tale of Ekati,_Belmont_Stakes,2008,14-1,14.0
555,7,2,Guadalcanal,_Belmont_Stakes,2008,25-1,25.0
556,8,10,Icabad Crane,_Belmont_Stakes,2008,17-1,17.0
557,9,1,Big Brown,_Belmont_Stakes,2008,1-4,0.25
558,Scratched,5,Casino Drive[6],_Belmont_Stakes,2008,7-2,3.5
559,Win,4,Summer Bird,_Belmont_Stakes,2009,,
560,Place,2,Dunkirk,_Belmont_Stakes,2009,,
561,Show,7,Mine That Bird,_Belmont_Stakes,2009,,
562,Fourth,6,Charitable Man,_Belmont_Stakes,2009,,
563,Fifth,5,Luv Gov,_Belmont_Stakes,2009,,
564,1,7,Drosselmeyer,_Belmont_Stakes,2010,12-1,12.0
565,2,5,Fly Down,_Belmont_Stakes,2010,9-2,4.5
566,3,11,First Dude,_Belmont_Stakes,2010,7-2,3.5
567,4,8,Game On Dude,_Belmont_Stakes,2010,10-1,10.0
568,5,10,Stay Put,_Belmont_Stakes,2010,20-1,20.0
569,6,12,Interactif,_Belmont_Stakes,2010,12-1,12.0
570,7,9,Stately Victor,_Belmont_Stakes,2010,15-1,15.0
571,8,6,Ice Box,_Belmont_Stakes,2010,3-1,3.0
572,9,4,Make Music For Me,_Belmont_Stakes,2010,10-1,10.0
573,10,1,Dave in Dixie,_Belmont_Stakes,2010,20-1,20.0
574,11,2,Spangled Star,_Belmont_Stakes,2010,30-1,30.0
575,D,3,Uptowncharlybrown,_Belmont_Stakes,2010,10-1,10.0
576,1,3,Ruler on Ice,_Belmont_Stakes,2011,20–1,20–1
577,2,2,Stay Thirsty,_Belmont_Stakes,2011,20–1,20–1
578,3,5,Brilliant Speed,_Belmont_Stakes,2011,15–1,15–1
579,4,6,Nehro,_Belmont_Stakes,2011,4–1,4–1
580,5,12,Shackleford,_Belmont_Stakes,2011,9–2,9–2
581,6,9,Animal Kingdom,_Belmont_Stakes,2011,2–1,2–1
582,7,10,Mucho Macho Man,_Belmont_Stakes,2011,10–1,10–1
583,8,4,Santiva,_Belmont_Stakes,2011,15–1,15–1
584,9,7,Monzon,_Belmont_Stakes,2011,30–1,30–1
585,10,1,Master of Hounds,_Belmont_Stakes,2011,10–1,10–1
586,11,8,Prime Cut,_Belmont_Stakes,2011,15–1,15–1
587,12,11,Isn't He Perfect,_Belmont_Stakes,2011,30–1,30–1
588,1,3,Union Rags,_Belmont_Stakes,2012,6-1,6.0
589,2,9,Paynter,_Belmont_Stakes,2012,8-1,8.0
590,3,4,Atigun,_Belmont_Stakes,2012,30-1,30.0
591,4,1,Street Life,_Belmont_Stakes,2012,12-1,12.0
592,5,7,Five Sixteen,_Belmont_Stakes,2012,50-1,50.0
593,6,2,Unstoppable U,_Belmont_Stakes,2012,30-1,30.0
594,7,5,Dullahan,_Belmont_Stakes,2012,5-1,5.0
595,8,11,My Adonis,_Belmont_Stakes,2012,20-1,20.0
596,9,6,Ravelo's Boy,_Belmont_Stakes,2012,50-1,50.0
597,10,10,Optimizer,_Belmont_Stakes,2012,20-1,20.0
598,DNF[2][7],8,Guyana Star Dweej,_Belmont_Stakes,2012,50-1,50.0
599,Scratched[6],11,I'll Have Another,_Belmont_Stakes,2012,4-5,0.8
600,1,12,Palace Malice,_Belmont_Stakes,2013,15-1,15.0
601,2,7,Oxbow,_Belmont_Stakes,2013,5-1,5.0
602,3,5,Orb,_Belmont_Stakes,2013,3-1,3.0
603,4,6,Incognito,_Belmont_Stakes,2013,20-1,20.0
604,5,9,Revolutionary,_Belmont_Stakes,2013,9-2,4.5
605,6,13,Unlimited Budget,_Belmont_Stakes,2013,8-1,8.0
606,7,3,Overanalyze,_Belmont_Stakes,2013,12-1,12.0
607,8,11,Vyjack,_Belmont_Stakes,2013,20-1,20.0
608,9,14,Golden Soul,_Belmont_Stakes,2013,10-1,10.0
609,10,10,Will Take Charge,_Belmont_Stakes,2013,20-1,20.0
610,11,4,Giant Finish,_Belmont_Stakes,2013,30-1,30.0
611,12,8,Midnight Taboo,_Belmont_Stakes,2013,30-1,30.0
612,13,2,Freedom Child,_Belmont_Stakes,2013,8-1,8.0
613,14,1,Frac Daddy,_Belmont_Stakes,2013,30-1,30.0
614,1,11,Tonalist,_Belmont_Stakes,2014,8-1,8.0
615,2,8,Commissioner,_Belmont_Stakes,2014,20-1,20.0
616,3,1,Medal Count,_Belmont_Stakes,2014,20-1,20.0
617,4†,2,California Chrome,_Belmont_Stakes,2014,3–5*,3–5*
618,4†,9,Wicked Strong,_Belmont_Stakes,2014,6-1,6.0
619,6,7,Samraat,_Belmont_Stakes,2014,20-1,20.0
620,7,10,General a Rod,_Belmont_Stakes,2014,20-1,20.0
621,8,3,Matterhorn,_Belmont_Stakes,2014,30-1,30.0
622,9,4,Commanding Curve,_Belmont_Stakes,2014,15-1,15.0
623,dnf‡,6,Matuszak,_Belmont_Stakes,2014,30-1,30.0
624,dnf‡,5,Ride On Curlin,_Belmont_Stakes,2014,12-1,12.0
625,1,5,American Pharoah,_Belmont_Stakes,2015,3–5,3–5
626,2,6,Frosted,_Belmont_Stakes,2015,5–1,5–1
627,3,7,Keen Ice,_Belmont_Stakes,2015,20–1,20–1
628,4,1,Mubtaahij,_Belmont_Stakes,2015,10–1,10–1
629,5,4,Frammento,_Belmont_Stakes,2015,30–1,30–1
630,6,3,Madefromlucky,_Belmont_Stakes,2015,12–1,12–1
631,7,2,Tale of Verve,_Belmont_Stakes,2015,15–1,15–1
632,8,8,Materiality,_Belmont_Stakes,2015,6–1,6–1
